,ids,growth,status
0,{'BSU01630'},0.6241848146320987,optimal
1,{'BSU07830'},0.6241848146320931,optimal
2,{'BSU12960'},0.6241848146320931,optimal
3,{'BSU03280'},0.6241848146320931,optimal
4,{'BSU33730'},0.6241848146320931,optimal
5,{'BSU34550'},0.6241848146320931,optimal
6,{'BSU16990'},0.6241848146320931,optimal
7,{'BSU03010'},0.6241848146320931,optimal
8,{'BSU14520'},0.6241848146320931,optimal
9,{'BSU29120'},0.6240260648062019,optimal
10,{'BSU17600'},0.6241848146320932,optimal
11,{'BSU34190'},0.6241848146320933,optimal
12,{'BSU37660'},0.6241848146320927,optimal
13,{'BSU04340'},0.6241848146320926,optimal
14,{'BSU28740'},0.6241848146320926,optimal
15,{'BSU36660'},0.6241848146320926,optimal
16,{'BSU29680'},0.6241848146320932,optimal
17,{'BSU06990'},0.6241848146320933,optimal
18,{'BSU02490'},0.6241848146320933,optimal
19,{'BSU23770'},0.6241848146320933,optimal
20,{'BSU01610'},0.6241848146320933,optimal
21,{'BSU09440'},0.6241848146320933,optimal
22,{'BSU31650'},0.6241848146320933,optimal
23,{'BSU31750'},0.6241848146320933,optimal
24,{'BSU33920'},0.6129871210561496,optimal
25,{'BSU40340'},0.6241848146320933,optimal
26,{'BSU38570'},0.6241848146320933,optimal
27,{'BSU15610'},0.6241848146320933,optimal
28,{'BSU28540'},0.6241848146320933,optimal
29,{'BSU15720'},0.6241848146320933,optimal
30,{'BSU39750'},0.6241848146320933,optimal
31,{'BSU19310'},0.6241848146320933,optimal
32,{'BSU32260'},0.0,optimal
33,{'BSU17390'},0.0,optimal
34,{'BSU30450'},0.6241848146320932,optimal
35,{'BSU40070'},0.6241848146320932,optimal
36,{'BSU18410'},0.6241848146320932,optimal
37,{'BSU10270'},0.6241848146320932,optimal
38,{'BSU22060'},0.6241848146320932,optimal
39,{'BSU25300'},0.6241848146320932,optimal
40,{'BSU13500'},0.6241848146320932,optimal
41,{'BSU31610'},0.6241848146320932,optimal
42,{'BSU24350'},0.0,optimal
43,{'BSU06360'},0.0,optimal
44,{'BSU36800'},0.1551857741419149,optimal
45,{'BSU39540'},0.6241848146320934,optimal
46,{'BSU31180'},0.6241848146320924,optimal
47,{'BSU36890'},0.6241848146320924,optimal
48,{'BSU36650'},0.6241848146320924,optimal
49,{'BSU11610'},0.0,optimal
50,{'BSU15550'},0.0,optimal
51,{'BSU06480'},0.0,optimal
52,{'BSU34880'},0.0,optimal
53,{'BSU16760'},0.6241848146320987,optimal
54,{'BSU02290'},0.0,optimal
55,{'BSU31990'},0.6241848146320912,optimal
56,{'BSU34610'},0.6241848146320912,optimal
57,{'BSU00090'},0.6241848146320975,optimal
58,{'BSU36120'},0.6241848146320975,optimal
59,{'BSU02850'},0.6241848146320975,optimal
60,{'BSU00790'},0.0,optimal
61,{'BSU38280'},0.6241848146321096,optimal
62,{'BSU32000'},0.6241848146321041,optimal
63,{'BSU34160'},0.6241848146321041,optimal
64,{'BSU24130'},0.6241848146321041,optimal
65,{'BSU36760'},0.6241848146321041,optimal
66,{'BSU32430'},0.6241848146321041,optimal
67,{'BSU06520'},0.0,optimal
68,{'BSU22440'},0.0,optimal
69,{'BSU18120'},0.6241848146320913,optimal
70,{'BSU35550'},0.624184814632097,optimal
71,{'BSU33900'},0.5947375073392864,optimal
72,{'BSU26710'},0.6241848146321033,optimal
73,{'BSU34910'},0.0,optimal
74,{'BSU36870'},0.1551857741419153,optimal
75,{'BSU16550'},0.0,optimal
76,{'BSU33320'},0.6241848146320916,optimal
77,{'BSU10020'},0.0,optimal
78,{'BSU33420'},0.6241848146320988,optimal
79,{'BSU29370'},0.6241848146320988,optimal
80,{'BSU27440'},0.6241848146320988,optimal
81,{'BSU18800'},0.6241848146320988,optimal
82,{'BSU22070'},0.6241848146320934,optimal
83,{'BSU13110'},0.6241848146320939,optimal
84,{'BSU27330'},0.6241848146321024,optimal
85,{'BSU40060'},0.6241848146320982,optimal
86,{'BSU35570'},0.6241848146320982,optimal
87,{'BSU31630'},0.6241848146320982,optimal
88,{'BSU02230'},0.6241848146320982,optimal
89,{'BSU30710'},0.6241848146320982,optimal
90,{'BSU05860'},0.6241848146320982,optimal
91,{'BSU10360'},0.6241848146320982,optimal
92,{'BSU30950'},0.6241848146320982,optimal
93,{'BSU31930'},0.6241848146320982,optimal
94,{'BSU22090'},0.6241848146320982,optimal
95,{'BSU30770'},0.6241848146320982,optimal
96,{'BSU35720'},0.0,optimal
97,{'BSU22690'},0.6241848146320913,optimal
98,{'BSU18670'},0.6241848146320913,optimal
99,{'BSU27070'},0.6241848146320913,optimal
100,{'BSU25070'},0.0,optimal
101,{'BSU07520'},0.6241848146320971,optimal
102,{'BSU39350'},0.6241848146320926,optimal
103,{'BSU33300'},0.6241848146320926,optimal
104,{'BSU40850'},0.6241848146320926,optimal
105,{'BSU18540'},0.6241848146320926,optimal
106,{'BSU21910'},0.0,optimal
107,{'BSU22130'},0.6241848146320907,optimal
108,{'BSU38040'},0.6241848146320907,optimal
109,{'BSU01530'},0.6241848146320907,optimal
110,{'BSU03220'},0.6241848146320907,optimal
111,{'BSU15590'},0.0,optimal
112,{'BSU00150'},0.6241848146320987,optimal
113,{'BSU29380'},0.624184814632093,optimal
114,{'BSU11230'},0.624184814632093,optimal
115,{'BSU28790'},0.624184814632093,optimal
116,{'BSU00280'},0.0,optimal
117,{'BSU17660'},0.6241848146320857,optimal
118,{'BSU24340'},0.0,optimal
119,{'BSU12920'},0.6241848146320932,optimal
120,{'BSU31970'},0.6241848146320979,optimal
121,{'BSU14610'},0.6074394324558535,optimal
122,{'BSU22780'},0.0,optimal
123,{'BSU02420'},0.6241848146321042,optimal
124,{'BSU36030'},0.6241848146320963,optimal
125,{'BSU38140'},0.6241848146320963,optimal
126,{'BSU25310'},0.6241848146320963,optimal
127,{'BSU36820'},0.1551857741419153,optimal
128,{'BSU29440'},0.0,optimal
129,{'BSU10130'},0.6241848146320879,optimal
130,{'BSU28130'},0.6241848146320879,optimal
131,{'BSU14870'},0.6241848146320879,optimal
132,{'BSU36000'},0.6241848146320916,optimal
133,{'BSU39720'},0.6241848146320907,optimal
134,{'BSU06970'},0.6241848146320907,optimal
135,{'BSU30210'},0.6241848146320907,optimal
136,{'BSU37780'},0.6241848146320907,optimal
137,{'BSU33370'},0.6241848146320907,optimal
138,{'BSU12010'},0.6241848146320907,optimal
139,{'BSU33510'},0.6241848146320907,optimal
140,{'BSU13600'},0.6241848146320907,optimal
141,{'BSU29990'},0.6241848146320907,optimal
142,{'BSU33830'},0.6241848146320907,optimal
143,{'BSU05820'},0.6241848146320907,optimal
144,{'BSU15200'},0.0,optimal
145,{'BSU34890'},0.6241848146320891,optimal
146,{'BSU15510'},0.6241848146320891,optimal
147,{'BSU15020'},0.6241848146320891,optimal
148,{'BSU13120'},0.6241848146320891,optimal
149,{'BSU23490'},0.6241848146320891,optimal
150,{'BSU29600'},0.6241848146320891,optimal
151,{'BSU11220'},0.0,optimal
152,{'BSU34570'},0.6241848146320929,optimal
153,{'BSU15680'},0.0,optimal
154,{'BSU38980'},0.6241848146320986,optimal
155,{'BSU03130'},0.0,optimal
156,{'BSU32180'},0.6241848146320991,optimal
157,{'BSU36370'},0.6241848146320991,optimal
158,{'BSU09840'},0.6241848146320991,optimal
159,{'BSU14600'},0.6241848146320934,optimal
160,{'BSU39700'},0.6241848146320934,optimal
161,{'BSU31620'},0.6241848146320934,optimal
162,{'BSU00140'},0.6241848146320873,optimal
163,{'BSU39380'},0.624184814632099,optimal
164,{'BSU16740'},0.624184814632099,optimal
165,{'BSU31200'},0.624184814632099,optimal
166,{'BSU39360'},0.624184814632099,optimal
167,{'BSU37320'},0.624184814632099,optimal
168,{'BSU24050'},0.0,optimal
169,{'BSU15700'},0.6241848146320902,optimal
170,{'BSU06310'},0.6241848146320902,optimal
171,{'BSU35580'},0.6241848146320902,optimal
172,{'BSU06170'},0.6241848146320902,optimal
173,{'BSU28250'},0.0,optimal
174,{'BSU11880'},0.6241848146321018,optimal
175,{'BSU37060'},0.6241848146320899,optimal
176,{'BSU35930'},0.6241848146320899,optimal
177,{'BSU25160'},0.0,optimal
178,{'BSU19360'},0.6241848146320907,optimal
179,{'BSU38990'},0.6241848146320907,optimal
180,{'BSU39050'},0.6241848146320907,optimal
181,{'BSU03300'},0.6241848146320907,optimal
182,{'BSU31660'},0.6241848146320907,optimal
183,{'BSU30790'},0.0,optimal
184,{'BSU04520'},0.6241848146320907,optimal
185,{'BSU39920'},0.6241848146320907,optimal
186,{'BSU38150'},0.6241848146320907,optimal
187,{'BSU03000'},0.6241848146320907,optimal
188,{'BSU02750'},0.6241848146320907,optimal
189,{'BSU29020'},0.6241848146321018,optimal
190,{'BSU02990'},0.6241848146320963,optimal
191,{'BSU31580'},0.6241848146320963,optimal
192,{'BSU22480'},0.6241848146320963,optimal
193,{'BSU04620'},0.6241848146320963,optimal
194,{'BSU27010'},0.6241848146320963,optimal
195,{'BSU03981'},0.6241848146320963,optimal
196,{'BSU35540'},0.6241848146320963,optimal
197,{'BSU00930'},0.6241848146320963,optimal
198,{'BSU13590'},0.6241848146320963,optimal
199,{'BSU15860'},0.6241848146320963,optimal
200,{'BSU17150'},0.6241848146320963,optimal
201,{'BSU18210'},0.6241848146320963,optimal
202,{'BSU15600'},0.6241848146320963,optimal
203,{'BSU05740'},0.6241848146320963,optimal
204,{'BSU22620'},0.6241848146320963,optimal
205,{'BSU08000'},0.6241848146320963,optimal
206,{'BSU03040'},0.6241848146320963,optimal
207,{'BSU35020'},0.6241848146320963,optimal
208,{'BSU33930'},0.3802361346921734,optimal
209,{'BSU15560'},0.0,optimal
210,{'BSU30440'},0.6241848146320941,optimal
211,{'BSU21680'},0.6241848146320885,optimal
212,{'BSU15900'},0.0,optimal
213,{'BSU22740'},0.0,optimal
214,{'BSU17890'},0.0,optimal
215,{'BSU09290'},0.6241848146320969,optimal
216,{'BSU22600'},0.0,optimal
217,{'BSU00770'},0.0,optimal
218,{'BSU18570'},0.6241848146320988,optimal
219,{'BSU27850'},0.0,optimal
220,{'BSU26970'},0.624184814632092,optimal
221,{'BSU01780'},0.0,optimal
222,{'BSU31050'},0.6241848146320924,optimal
223,{'BSU02510'},0.6241848146320924,optimal
224,{'BSU03810'},0.6241848146320924,optimal
225,{'BSU23280'},0.6241848146320924,optimal
226,{'BSU24140'},0.6241848146320924,optimal
227,{'BSU27900'},0.0,optimal
228,{'BSU35920'},0.624184814632098,optimal
229,{'BSU31090'},0.6241848146320932,optimal
230,{'BSU03990'},0.6241848146320932,optimal
231,{'BSU30740'},0.6241848146320932,optimal
232,{'BSU32200'},0.6241848146320932,optimal
233,{'BSU18440'},0.6241848146320932,optimal
234,{'BSU38770'},0.6241848146320932,optimal
235,{'BSU34150'},0.6241848146320932,optimal
236,{'BSU08650'},0.6241848146320932,optimal
237,{'BSU26640'},0.6241848146320932,optimal
238,{'BSU31350'},0.6241848146320935,optimal
239,{'BSU06530'},0.0,optimal
240,{'BSU07490'},0.6241848146320914,optimal
241,{'BSU30830'},0.6241848146320914,optimal
242,{'BSU06450'},0.0,optimal
243,{'BSU19710'},0.6241848146320991,optimal
244,{'BSU32500'},0.6241848146320963,optimal
245,{'BSU23760'},0.6241848146320963,optimal
246,{'BSU19520'},0.6241848146320963,optimal
247,{'BSU26650'},0.6241848146320963,optimal
248,{'BSU23270'},0.6241848146320963,optimal
249,{'BSU23860'},0.6241848146320963,optimal
250,{'BSU25790'},0.6241848146320986,optimal
251,{'BSU09280'},0.6241848146320986,optimal
252,{'BSU14630'},0.6241848146320986,optimal
253,{'BSU27260'},0.6241848146320987,optimal
254,{'BSU00380'},0.6241848146320987,optimal
255,{'BSU22420'},0.6241848146320987,optimal
256,{'BSU17680'},0.6241848146320987,optimal
257,{'BSU37120'},0.6241848146320987,optimal
258,{'BSU22550'},0.5016039793981634,optimal
259,{'BSU27050'},0.6241848146320932,optimal
260,{'BSU03610'},0.6241848146320932,optimal
261,{'BSU22830'},0.0,optimal
262,{'BSU02980'},0.6241848146320934,optimal
263,{'BSU18480'},0.6241848146320934,optimal
264,{'BSU13850'},0.6241848146320934,optimal
265,{'BSU21820'},0.6241848146320934,optimal
266,{'BSU29350'},0.6241848146320934,optimal
267,{'BSU32820'},0.6241848146320934,optimal
268,{'BSU08710'},0.6241848146320934,optimal
269,{'BSU33430'},0.6241848146320934,optimal
270,{'BSU06980'},0.6241848146320933,optimal
271,{'BSU18450'},0.6241848146320933,optimal
272,{'BSU12910'},0.6241848146320933,optimal
273,{'BSU00760'},0.0,optimal
274,{'BSU33720'},0.6241848146320972,optimal
275,{'BSU15190'},0.0,optimal
276,{'BSU35600'},0.6241848146320971,optimal
277,{'BSU28800'},0.624184814632097,optimal
278,{'BSU15850'},0.624184814632097,optimal
279,{'BSU12080'},0.624184814632097,optimal
280,{'BSU32440'},0.624184814632097,optimal
281,{'BSU18220'},0.624184814632097,optimal
282,{'BSU14510'},0.624184814632097,optimal
283,{'BSU22710'},0.0,optimal
284,{'BSU15790'},0.6241848146320929,optimal
285,{'BSU09410'},0.6241848146320927,optimal
286,{'BSU23080'},0.0,optimal
287,{'BSU24960'},0.6241848146320924,optimal
288,{'BSU12160'},0.6241848146320924,optimal
289,{'BSU03330'},0.6241848146320924,optimal
290,{'BSU37270'},0.6241848146320924,optimal
291,{'BSU16920'},0.0,optimal
292,{'BSU29340'},0.6241848146320972,optimal
293,{'BSU06440'},0.0,optimal
294,{'BSU28290'},0.0,optimal
295,{'BSU21690'},0.6241848146320927,optimal
296,{'BSU25020'},0.6241848146320924,optimal
297,{'BSU27430'},0.6241848146320867,optimal
298,{'BSU13130'},0.6241848146320873,optimal
299,{'BSU36850'},0.15518577414191428,optimal
300,{'BSU32750'},0.6241848146320932,optimal
301,{'BSU39610'},0.624184814632098,optimal
302,{'BSU38530'},0.0,optimal
303,{'BSU40040'},0.6241848146320932,optimal
304,{'BSU29790'},0.0,optimal
305,{'BSU14180'},0.0,optimal
306,{'BSU29750'},0.0,optimal
307,{'BSU38520'},0.0,optimal
308,{'BSU39450'},0.6241848146320922,optimal
309,{'BSU13900'},0.624184814632099,optimal
310,{'BSU11340'},0.0,optimal
311,{'BSU32830'},0.624184814632098,optimal
312,{'BSU02340'},0.6241848146320945,optimal
313,{'BSU15650'},0.6241848146320945,optimal
314,{'BSU37490'},0.6241848146320945,optimal
315,{'BSU30750'},0.6241848146320945,optimal
316,{'BSU14830'},0.6241848146320945,optimal
317,{'BSU10120'},0.6241848146320945,optimal
318,{'BSU38190'},0.6241848146320945,optimal
319,{'BSU24740'},0.6241848146320945,optimal
320,{'BSU29210'},0.0,optimal
321,{'BSU06150'},0.6241848146320984,optimal
322,{'BSU00780'},0.0,optimal
323,{'BSU33310'},0.6241848146320915,optimal
324,{'BSU18250'},0.6241848146320925,optimal
325,{'BSU11870'},0.0,optimal
326,{'BSU25710'},0.6241848146320869,optimal
327,{'BSU03800'},0.624184814632087,optimal
328,{'BSU14590'},0.6241848146320929,optimal
329,{'BSU33170'},0.6241848146320929,optimal
330,{'BSU21900'},0.6241848146320929,optimal
331,{'BSU22540'},0.5016039793981633,optimal
332,{'BSU39060'},0.6241848146320932,optimal
333,{'BSU36130'},0.6241848146320932,optimal
334,{'BSU12340'},0.6241848146320935,optimal
335,{'BSU35690'},0.0,optimal
336,{'BSU24950'},0.6241848146320914,optimal
337,{'BSU15110'},0.6241848146320914,optimal
338,{'BSU25500'},0.6241848146320914,optimal
339,{'BSU11670'},0.6241848146320914,optimal
340,{'BSU28430'},0.6070729632858552,optimal
341,{'BSU38490'},0.0,optimal
342,{'BSU16510'},0.6241848146320879,optimal
343,{'BSU33490'},0.6241848146320879,optimal
344,{'BSU23980'},0.6241848146320934,optimal
345,{'BSU29220'},0.6241848146320934,optimal
346,{'BSU14580'},0.6241848146320933,optimal
347,{'BSU36590'},0.6241848146320941,optimal
348,{'BSU08180'},0.6241848146320941,optimal
349,{'BSU22430'},0.6241848146320941,optimal
350,{'BSU27610'},0.6241848146320941,optimal
351,{'BSU28170'},0.6241848146320941,optimal
352,{'BSU30280'},0.6241848146320941,optimal
353,{'BSU39670'},0.6241848146320941,optimal
354,{'BSU34590'},0.6241848146320941,optimal
355,{'BSU00680'},0.6241848146320875,optimal
356,{'BSU23570'},0.6241848146320875,optimal
357,{'BSU37280'},0.6241848146320875,optimal
358,{'BSU07840'},0.6241848146321027,optimal
359,{'BSU29710'},0.6241848146320919,optimal
360,{'BSU31980'},0.6241848146320812,optimal
361,{'BSU20250'},0.6241848146320812,optimal
362,{'BSU11240'},0.6241848146320812,optimal
363,{'BSU29470'},0.6241848146320923,optimal
364,{'BSU08440'},0.6241848146320924,optimal
365,{'BSU28470'},0.6241848146320931,optimal
366,{'BSU38710'},0.6241848146320931,optimal
367,{'BSU35730'},0.0,optimal
368,{'BSU00500'},0.0,optimal
369,{'BSU13890'},0.6241848146320931,optimal
370,{'BSU33330'},0.6241848146320924,optimal
371,{'BSU37260'},0.6241848146320924,optimal
372,{'BSU23610'},0.6241848146320924,optimal
373,{'BSU07510'},0.6241848146320924,optimal
374,{'BSU38560'},0.6241848146320924,optimal
375,{'BSU36510'},0.0,optimal
376,{'BSU10140'},0.6241848146320923,optimal
377,{'BSU02350'},0.6241848146320924,optimal
378,{'BSU38390'},0.6241848146320924,optimal
379,{'BSU18470'},0.6241848146320924,optimal
380,{'BSU31600'},0.6241848146320924,optimal
381,{'BSU28310'},0.6241848146320924,optimal
382,{'BSU13730'},0.6241848146320924,optimal
383,{'BSU09240'},0.6241848146320924,optimal
384,{'BSU23850'},0.6241848146320894,optimal
385,{'BSU32240'},0.0,optimal
386,{'BSU06420'},0.0,optimal
387,{'BSU36810'},0.15518577414191506,optimal
388,{'BSU30550'},0.6241848146320963,optimal
389,{'BSU11210'},0.0,optimal
390,{'BSU06240'},0.6241848146320984,optimal
391,{'BSU24150'},0.624184814632098,optimal
392,{'BSU03150'},0.0,optimal
393,{'BSU10520'},0.6241848146320934,optimal
394,{'BSU24990'},0.6241848146320934,optimal
395,{'BSU22670'},0.0,optimal
396,{'BSU27200'},0.6241848146320934,optimal
397,{'BSU00510'},0.0,optimal
398,{'BSU03310'},0.6241848146320254,optimal
399,{'BSU39420'},0.6241848146320916,optimal
400,{'BSU14880'},0.6241848146320916,optimal
401,{'BSU22640'},0.0,optimal
402,{'BSU30960'},0.6241848146320963,optimal
403,{'BSU02130'},0.6241848146320963,optimal
404,{'BSU16090'},0.6241848146320907,optimal
405,{'BSU27040'},0.6241848146320907,optimal
406,{'BSU02480'},0.6241848146320907,optimal
407,{'BSU24850'},0.6241848146320907,optimal
408,{'BSU26600'},0.6241848146320907,optimal
409,{'BSU28720'},0.6241848146320907,optimal
410,{'BSU40190'},0.6241848146320907,optimal
411,{'BSU19630'},0.6241848146320907,optimal
412,{'BSU06230'},0.6241848146320907,optimal
413,{'BSU09300'},0.6241848146320907,optimal
414,{'BSU38760'},0.6241848146320907,optimal
415,{'BSU13560'},0.6241848146320907,optimal
416,{'BSU33820'},0.6241848146320907,optimal
417,{'BSU22680'},0.0,optimal
418,{'BSU28120'},0.624184814632083,optimal
419,{'BSU28390'},0.624184814632083,optimal
420,{'BSU00270'},0.6241848146320931,optimal
421,{'BSU08830'},0.6241848146320931,optimal
422,{'BSU28280'},0.0,optimal
423,{'BSU34560'},0.6241848146320963,optimal
424,{'BSU38580'},0.6241848146320907,optimal
425,{'BSU20020'},0.6241848146320907,optimal
426,{'BSU32100'},0.6241848146320907,optimal
427,{'BSU15490'},0.0,optimal
428,{'BSU07610'},0.6241848146320909,optimal
429,{'BSU06500'},0.0,optimal
430,{'BSU36470'},0.624184814632086,optimal
431,{'BSU30560'},0.6241848146320969,optimal
432,{'BSU39730'},0.6241848146320969,optimal
433,{'BSU03950'},0.6241848146320969,optimal
434,{'BSU39740'},0.6241848146320969,optimal
435,{'BSU29360'},0.6241848146320969,optimal
436,{'BSU12300'},0.6241848146320969,optimal
437,{'BSU33500'},0.6241848146320969,optimal
438,{'BSU22660'},0.0,optimal
439,{'BSU23500'},0.624184814632099,optimal
440,{'BSU02140'},0.6241848146320991,optimal
441,{'BSU33960'},0.6241848146320991,optimal
442,{'BSU00740'},0.0,optimal
443,{'BSU38260'},0.6241848146320916,optimal
444,{'BSU04000'},0.6241848146320929,optimal
445,{'BSU39710'},0.6241848146320929,optimal
446,{'BSU15620'},0.6241848146320929,optimal
447,{'BSU33290'},0.6241848146320929,optimal
448,{'BSU40110'},0.6241848146320929,optimal
449,{'BSU04740'},0.0,optimal
450,{'BSU07570'},0.6241848146320852,optimal
451,{'BSU33040'},0.5937201155860882,optimal
452,{'BSU31060'},0.624184814632093,optimal
453,{'BSU24160'},0.6241848146320708,optimal
454,{'BSU10170'},0.6241848146320708,optimal
455,{'BSU13960'},0.6241848146320708,optimal
456,{'BSU22730'},0.0,optimal
457,{'BSU38240'},0.6241848146320912,optimal
458,{'BSU24060'},0.0,optimal
459,{'BSU32250'},0.0,optimal
460,{'BSU22630'},0.0,optimal
461,{'BSU00920'},0.6241848146320932,optimal
462,{'BSU22410'},0.6241848146320931,optimal
463,{'BSU23970'},0.6241848146320931,optimal
464,{'BSU29010'},0.6241848146320931,optimal
465,{'BSU34870'},0.0,optimal
466,{'BSU14910'},0.5016039793981643,optimal
467,{'BSU24970'},0.6241848146320932,optimal
468,{'BSU29450'},0.0,optimal
469,{'BSU32840'},0.6241848146320987,optimal
470,{'BSU21920'},0.0,optimal
471,{'BSU35620'},0.6241848146320932,optimal
472,{'BSU28750'},0.6241848146320931,optimal
473,{'BSU23960'},0.6241848146320931,optimal
474,{'BSU17370'},0.0,optimal
475,{'BSU05810'},0.6241848146321036,optimal
476,{'BSU37240'},0.6241848146321036,optimal
477,{'BSU28300'},0.6241848146321036,optimal
478,{'BSU19350'},0.6241848146320926,optimal
479,{'BSU30940'},0.6241848146320926,optimal
480,{'BSU18000'},0.5823469210377561,optimal
481,{'BSU27220'},0.6241848146320934,optimal
482,{'BSU30800'},0.0,optimal
483,{'BSU27860'},0.0,optimal
484,{'BSU17610'},0.6241848146320924,optimal
485,{'BSU13170'},0.6241848146320924,optimal
486,{'BSU13550'},0.6241848146320924,optimal
487,{'BSU38290'},0.6241848146320924,optimal
488,{'BSU02090'},0.6241848146320924,optimal
489,{'BSU33700'},0.6241848146320924,optimal
490,{'BSU30970'},0.6241848146320924,optimal
491,{'BSU38050'},0.6241848146320924,optimal
492,{'BSU35609'},0.6241848146320924,optimal
493,{'BSU27250'},0.6241848146320879,optimal
494,{'BSU39370'},0.6241848146320979,optimal
495,{'BSU30980'},0.6241848146320979,optimal
496,{'BSU35960'},0.6241848146320979,optimal
497,{'BSU07810'},0.6241848146320979,optimal
498,{'BSU30240'},0.6241848146320979,optimal
499,{'BSU22490'},0.0,optimal
500,{'BSU22760'},0.0,optimal
501,{'BSU16530'},0.6241848146320907,optimal
502,{'BSU40320'},0.6241848146320852,optimal
503,{'BSU23070'},0.0,optimal
504,{'BSU26690'},0.6241848146320974,optimal
505,{'BSU25580'},0.6241848146320923,optimal
506,{'BSU24080'},0.6241848146320932,optimal
507,{'BSU24270'},0.0,optimal
508,{'BSU39980'},0.624184814632099,optimal
509,{'BSU28780'},0.624184814632099,optimal
510,{'BSU08860'},0.624184814632099,optimal
511,{'BSU15180'},0.0,optimal
512,{'BSU38590'},0.6241848146320914,optimal
513,{'BSU27870'},0.0,optimal
514,{'BSU31100'},0.6241848146320972,optimal
515,{'BSU32510'},0.6241848146320972,optimal
516,{'BSU28440'},0.6070729632858547,optimal
517,{'BSU09130'},0.6241848146320984,optimal
518,{'BSU39260'},0.6241848146320933,optimal
519,{'BSU03930'},0.6241848146320933,optimal
520,{'BSU04570'},0.0,optimal
521,{'BSU03820'},0.6241848146320941,optimal
522,{'BSU32470'},0.6241848146320941,optimal
523,{'BSU24090'},0.6241848146320941,optimal
524,{'BSU21870'},0.0,optimal
525,{'BSU29190'},0.6105679518282409,optimal
526,{'BSU33180'},0.6241848146320944,optimal
527,{'BSU22870'},0.6241848146320933,optimal
528,{'BSU33800'},0.6241848146320934,optimal
529,{'BSU04030'},0.6241848146320934,optimal
530,{'BSU00180'},0.624184814632088,optimal
531,{'BSU12940'},0.6241848146320933,optimal
532,{'BSU28270'},0.0,optimal
533,{'BSU33710'},0.6241848146320912,optimal
534,{'BSU14920'},0.5016039793981633,optimal
535,{'BSU30300'},0.6241848146320875,optimal
536,{'BSU12360'},0.6241848146320875,optimal
537,{'BSU17460'},0.0,optimal
538,{'BSU31150'},0.0,optimal
539,{'BSU02460'},0.6241848146320933,optimal
540,{'BSU15530'},0.0,optimal
541,{'BSU12950'},0.6241848146320988,optimal
542,{'BSU27060'},0.6241848146320981,optimal
543,{'BSU08850'},0.6241848146320981,optimal
544,{'BSU29690'},0.6241848146320981,optimal
545,{'BSU15350'},0.6241848146320981,optimal
546,{'BSU22100'},0.6241848146320981,optimal
547,{'BSU03270'},0.6241848146320981,optimal
548,{'BSU15480'},0.6241848146320981,optimal
549,{'BSU06490'},0.0,optimal
550,{'BSU17380'},0.0,optimal
551,{'BSU36880'},0.15518577414191534,optimal
552,{'BSU09540'},0.0,optimal
553,{'BSU10220'},0.6241848146320986,optimal
554,{'BSU15570'},0.0,optimal
555,{'BSU06160'},0.6241848146320962,optimal
556,{'BSU02400'},0.6241848146320977,optimal
557,{'BSU36900'},0.0,optimal
558,{'BSU22110'},0.624184814632097,optimal
559,{'BSU30270'},0.6241848146321011,optimal
560,{'BSU01580'},0.6241848146321011,optimal
561,{'BSU02390'},0.6241848146321011,optimal
562,{'BSU25420'},0.6241848146321011,optimal
563,{'BSU39270'},0.6241848146321011,optimal
564,{'BSU31400'},0.0,optimal
565,{'BSU05340'},0.6241848146320884,optimal
566,{'BSU16670'},0.6241848146320884,optimal
567,{'BSU03830'},0.6241848146320884,optimal
568,{'BSU22370'},0.0,optimal
569,{'BSU22650'},0.0,optimal
570,{'BSU10010'},0.6241848146320972,optimal
571,{'BSU30780'},0.0,optimal
572,{'BSU17410'},0.6241848146320907,optimal
573,{'BSU05830'},0.6241848146320907,optimal
574,{'BSU14890'},0.5016039793981635,optimal
575,{'BSU11640'},0.6241848146320988,optimal
576,{'BSU08460'},0.6241848146320875,optimal
577,{'BSU28150'},0.6241848146320875,optimal
578,{'BSU38110'},0.6241848146320875,optimal
579,{'BSU23260'},0.6241848146320875,optimal
580,{'BSU31322'},0.6241848146320934,optimal
581,{'BSU10870'},0.6241848146320875,optimal
582,{'BSU35790'},0.6241848146320875,optimal
583,{'BSU33810'},0.6241848146320875,optimal
584,{'BSU38510'},0.0,optimal
585,{'BSU11250'},0.0,optimal
586,{'BSU38750'},0.6241848146320986,optimal
587,{'BSU32460'},0.6241848146320986,optimal
588,{'BSU32110'},0.6241848146320986,optimal
589,{'BSU14000'},0.0,optimal
590,{'BSU37110'},0.6241848146320988,optimal
591,{'BSU28680'},0.6241848146320988,optimal
592,{'BSU35760'},0.0,optimal
593,{'BSU33380'},0.6241848146320934,optimal
594,{'BSU01770'},0.0,optimal
595,{'BSU30290'},0.6241848146320875,optimal
596,{'BSU24280'},0.0,optimal
597,{'BSU15630'},0.6241848146320977,optimal
598,{'BSU30430'},0.6241848146320926,optimal
599,{'BSU02760'},0.6241848146320926,optimal
600,{'BSU01620'},0.6241848146320926,optimal
601,{'BSU31760'},0.6241848146320926,optimal
602,{'BSU03290'},0.6241848146320926,optimal
603,{'BSU00120'},0.6241848146320926,optimal
604,{'BSU37100'},0.6241848146320963,optimal
605,{'BSU22610'},0.0,optimal
606,{'BSU08090'},0.6241848146321065,optimal
607,{'BSU30720'},0.6241848146321065,optimal
608,{'BSU37150'},0.0,optimal
609,{'BSU23560'},0.6241848146320963,optimal
610,{'BSU04470'},0.6241848146320963,optimal
611,{'BSU09530'},0.6241848146320963,optimal
612,{'BSU29060'},0.6241848146320963,optimal
613,{'BSU37710'},0.6241848146320963,optimal
614,{'BSU02870'},0.6241848146320963,optimal
615,{'BSU13300'},0.6241848146320963,optimal
616,{'BSU30410'},0.6241848146320963,optimal
617,{'BSU34900'},0.0,optimal
618,{'BSU36920'},0.5947507104384786,optimal
619,{'BSU38200'},0.6241848146320933,optimal
620,{'BSU04560'},0.0,optimal
621,{'BSU22890'},0.6241848146320924,optimal
622,{'BSU12930'},0.6241848146320991,optimal
623,{'BSU08790'},0.6241848146320991,optimal
624,{'BSU03910'},0.6241848146320991,optimal
625,{'BSU14900'},0.5016039793981646,optimal
626,{'BSU38270'},0.6241848146320934,optimal
627,{'BSU39760'},0.6241848146320934,optimal
628,{'BSU22700'},0.0,optimal
629,{'BSU39390'},0.6241848146320925,optimal
630,{'BSU03060'},0.6241848146320925,optimal
631,{'BSU07500'},0.6241848146320925,optimal
632,{'BSU11710'},0.6241848146320925,optimal
633,{'BSU26590'},0.6241848146320934,optimal
634,{'BSU35680'},0.0,optimal
635,{'BSU36640'},0.6241848146320988,optimal
636,{'BSU05900'},0.6241848146320988,optimal
637,{'BSU02360'},0.624184814632099,optimal
638,{'BSU23920'},0.624184814632099,optimal
639,{'BSU16730'},0.624184814632099,optimal
640,{'BSU37790'},0.624184814632099,optimal
641,{'BSU30200'},0.624184814632099,optimal
642,{'BSU35700'},0.0,optimal
643,{'BSU03200'},0.6241848146320988,optimal
644,{'BSU33160'},0.6241848146320988,optimal
645,{'BSU29130'},0.5823469210377548,optimal
646,{'BSU04360'},0.6241848146320926,optimal
647,{'BSU38860'},0.6241848146320933,optimal
648,{'BSU30540'},0.6241848146320933,optimal
649,{'BSU35740'},0.0,optimal
650,{'BSU35670'},0.0,optimal
651,{'BSU29050'},0.6241848146320875,optimal
652,{'BSU17000'},0.6241848146320875,optimal
653,{'BSU34920'},0.0,optimal
654,{'BSU06660'},0.6241848146320931,optimal
655,{'BSU21770'},0.6241848146320931,optimal
656,{'BSU26810'},0.6241848146320931,optimal
657,{'BSU12380'},0.6241848146320931,optimal
658,{'BSU13610'},0.6241848146320931,optimal
659,{'BSU22960'},0.6241848146320931,optimal
660,{'BSU36840'},0.1551857741419146,optimal
661,{'BSU08200'},0.6241848146320934,optimal
662,{'BSU27460'},0.6241848146320926,optimal
663,{'BSU03600'},0.6241848146320926,optimal
664,{'BSU28140'},0.6241848146320926,optimal
665,{'BSU16770'},0.0,optimal
666,{'BSU00460'},0.0,optimal
667,{'BSU02860'},0.624184814632099,optimal
668,{'BSU29180'},0.6241848146321043,optimal
669,{'BSU35750'},0.0,optimal
670,{'BSU13910'},0.6241848146320913,optimal
671,{'BSU01370'},0.0,optimal
672,{'BSU27910'},0.6241848146320962,optimal
673,{'BSU30070'},0.6241848146321073,optimal
674,{'BSU27450'},0.6241848146321073,optimal
675,{'BSU14860'},0.5946704774309981,optimal
676,{'BSU09310'},0.6241848146320861,optimal
677,{'BSU03320'},0.6241848146320977,optimal
678,{'BSU27600'},0.6241848146320977,optimal
679,{'BSU22140'},0.6241848146320977,optimal
680,{'BSU28510'},0.6241848146320977,optimal
681,{'BSU10790'},0.6241848146320977,optimal
682,{'BSU09680'},0.6241848146320977,optimal
683,{'BSU06460'},0.0,optimal
684,{'BSU35530'},0.0,optimal
685,{'BG12900'},0.0,optimal
686,{'BSU38500'},0.0,optimal
687,{'BSU25660'},0.0,optimal
688,{'BSU14670'},0.6241848146320919,optimal
689,{'BSU00910'},0.0,optimal
690,{'BSU19580'},0.6241848146320932,optimal
691,{'BSU28450'},0.6070729632858559,optimal
692,{'BSU18260'},0.6241848146320934,optimal
693,{'BSU07800'},0.6241848146320916,optimal
694,{'BSU19230'},0.6241848146320916,optimal
695,{'BSU02430'},0.6241848146320916,optimal
696,{'BSU15540'},0.0,optimal
697,{'BSU18830'},0.624184814632099,optimal
698,{'BSU12330'},0.6241848146320934,optimal
699,{'BSU35660'},0.0,optimal
700,{'BSU39860'},0.6241848146320963,optimal
701,{'BSU02270'},0.0,optimal
702,{'BSU15910'},0.0,optimal
703,{'BSU31640'},0.6241848146320971,optimal
704,{'BSU24040'},0.0,optimal
705,{'BSU08080'},0.6241848146320924,optimal
706,{'BSU00110'},0.6241848146320915,optimal
707,{'BSU37760'},0.6241848146320915,optimal
708,{'BSU18230'},0.6241848146320915,optimal
709,{'BSU11190'},0.0,optimal
710,{'BSU24120'},0.6241848146320911,optimal
711,{'BSU38060'},0.6241848146320916,optimal
712,{'BSU35940'},0.6241848146320916,optimal
713,{'BSU26700'},0.6241848146320916,optimal
714,{'BSU03070'},0.6241848146320916,optimal
715,{'BSU40330'},0.6241848146320916,optimal
716,{'BSU13180'},0.0,optimal
717,{'BSU38020'},0.6241848146320979,optimal
718,{'BSU15580'},0.6241848146320979,optimal
719,{'BSU12020'},0.6241848146320979,optimal
720,{'BSU26860'},0.6241848146320979,optimal
721,{'BSU30530'},0.6241848146320979,optimal
722,{'BSU03900'},0.6241848146320981,optimal
723,{'BSU15730'},0.6241848146320981,optimal
724,{'BSU29620'},0.0,optimal
725,{'BSU06430'},0.0,optimal
726,{'BSU30230'},0.6241848146320877,optimal
727,{'BSU35950'},0.6241848146320869,optimal
728,{'BSU03790'},0.6241848146320869,optimal
729,{'BSU38170'},0.6241848146320869,optimal
730,{'BSU22560'},0.5016039793981644,optimal
731,{'BSU11720'},0.6241848146320932,optimal
732,{'BSU32170'},0.0,optimal
733,{'BSU12390'},0.6241848146320976,optimal
734,{'BSU25640'},0.0,optimal
735,{'BSU38630'},0.6241848146320932,optimal
736,{'BSU36010'},0.6241848146320932,optimal
737,{'BSU14190'},0.0,optimal
738,{'BSU29700'},0.6241848146320923,optimal
739,{'BSU08070'},0.6241848146320923,optimal
740,{'BSU15220'},0.0,optimal
741,{'BSU03590'},0.6241848146320925,optimal
742,{'BSU29300'},0.6241848146320925,optimal
743,{'BSU37500'},0.6241848146320934,optimal
744,{'BSU39020'},0.6241848146320934,optimal
745,{'BSU36860'},0.1551857741419147,optimal
746,{'BSU34130'},0.6241848146320932,optimal
747,{'BSU33440'},0.6241848146320923,optimal
748,{'BSU24170'},0.624184814632098,optimal
749,{'BSU03050'},0.624184814632098,optimal
750,{'BSU23250'},0.624184814632098,optimal
751,{'BSU23380'},0.0,optimal
752,{'BSU03860'},0.6241848146320931,optimal
753,{'BSU30420'},0.6241848146320979,optimal
754,{'BSU28560'},0.6241848146320979,optimal
755,{'BSU24310'},0.0,optimal
756,{'BSU34140'},0.6241848146320962,optimal
757,{'BSU32130'},0.6241848146321083,optimal
758,{'BSU39410'},0.6241848146321083,optimal
759,{'BSU33390'},0.6241848146321083,optimal
760,{'BSU14390'},0.6241848146321083,optimal
761,{'BSU11200'},0.0,optimal
762,{'BSU35010'},0.6241848146321021,optimal
763,{'BSU35780'},0.6241848146320933,optimal
764,{'BSU16100'},0.6241848146320935,optimal
765,{'BSU24030'},0.0,optimal
766,{'BSU30870'},0.6241848146320848,optimal
767,{'BSU08820'},0.6241848146320848,optimal
768,{'BSU19690'},0.624184814632099,optimal
769,{'BSU40550'},0.0,optimal
770,{'BSU01680'},0.624184814632092,optimal
771,{'BSU07920'},0.6241848146320994,optimal
772,{'BSU30760'},0.6241848146320926,optimal
773,{'BSU28730'},0.6241848146320926,optimal
774,{'BSU32410'},0.6241848146320926,optimal
775,{'BSU24070'},0.6241848146320926,optimal
776,{'BSU15520'},0.6241848146320926,optimal
777,{'BSU38160'},0.6241848146320926,optimal
778,{'BSU38550'},0.6241848146320926,optimal
779,{'BSU00900'},0.0,optimal
780,{'BSU34790'},0.6241848146321014,optimal
781,{'BSU28260'},0.0,optimal
782,{'BSU11330'},0.6241848146320943,optimal
783,{'BSU32490'},0.6241848146320943,optimal
784,{'BSU32450'},0.6241848146320943,optimal
785,{'BSU08060'},0.6241848146320943,optimal
786,{'BSU23580'},0.6241848146320987,optimal
787,{'BSU24980'},0.6241848146320987,optimal
788,{'BSU34860'},0.0,optimal
789,{'BSU38300'},0.6241848146320932,optimal
790,{'BSU33240'},0.6241848146320986,optimal
791,{'BSU38830'},0.6241848146320986,optimal
792,{'BSU13580'},0.6241848146320986,optimal
793,{'BSU27810'},0.6241848146320986,optimal
794,{'BSU06510'},0.6241848146321015,optimal
795,{'BSU32730'},0.6241848146320919,optimal
796,{'BSU19800'},0.6241848146320919,optimal
797,{'BSU39400'},0.6241848146320915,optimal
798,{'BSU39780'},0.6241848146320917,optimal
799,{'BSU23800'},0.6241848146320917,optimal
800,{'BSU00750'},0.0,optimal
801,{'BSU28080'},0.0,optimal
802,{'BSU33910'},0.5947375073392873,optimal
803,{'BSU12290'},0.6241848146320934,optimal
804,{'BSU11650'},0.6241848146320931,optimal
805,{'BSU14400'},0.6241848146320931,optimal
806,{'BSU06470'},0.0,optimal
807,{'BSU29200'},0.0,optimal
808,{'BSU33940'},0.3802361346921737,optimal
809,{'BSU07700'},0.624184814632098,optimal
810,{'BSU16540'},0.0,optimal
811,{'BSU16750'},0.0,optimal
812,{'BSU13620'},0.6241848146320859,optimal
813,{'BSU12840'},0.6241848146321033,optimal
814,{'BSU37170'},0.6241848146321065,optimal
815,{'BSU34600'},0.6241848146321065,optimal
816,{'BSU04640'},0.0,optimal
817,{'BSU30220'},0.6241848146321036,optimal
818,{'BSU08840'},0.6241848146320861,optimal
819,{'BSU32480'},0.6241848146320861,optimal
820,{'BSU30820'},0.0,optimal
821,{'BSU40420'},0.0,optimal
822,{'BSU15500'},0.0,optimal
823,{'BSU33400'},0.6241848146320932,optimal
824,{'BSU35590'},0.6241848146320941,optimal
825,{'BSU34660'},0.6241848146320941,optimal
826,{'BSU25900'},0.6241848146320941,optimal
827,{'BSU35710'},0.0,optimal
828,{'BSU36710'},0.6241848146320915,optimal
829,{'BSU15230'},0.0,optimal
830,{'BSU36830'},0.15518577414191462,optimal
831,{'BSU21810'},0.0,optimal
832,{'BSU29140'},0.6241848146320926,optimal
833,{'BSU22750'},0.0,optimal
834,{'BSU37190'},0.6241848146320977,optimal
835,{'BSU19370'},0.6241848146321035,optimal
836,{'BSU06370'},0.6241848146321035,optimal
837,{'BSU08450'},0.6241848146321035,optimal
838,{'BSU11010'},0.0,optimal
839,{'BSU09850'},0.6241848146321043,optimal
840,{'BSU00730'},0.6241848146320932,optimal
841,{'BSU07990'},0.6241848146320932,optimal
842,{'BSU32740'},0.6241848146320932,optimal
843,{'BSU27270'},0.6241848146320932,optimal
